<?xml version="1.0" encoding="UTF-8"?>
<deploy
 date="2022.12.31.23:27:00"
 outputDirectory="F:/FPGA PROJECTS/sources/cores/VJI/VJI/">
 <perimeter>
  <parameter
     name="AUTO_GENERATION_ID"
     type="Integer"
     defaultValue="0"
     onHdl="0"
     affectsHdl="1" />
  <parameter
     name="AUTO_UNIQUE_ID"
     type="String"
     defaultValue=""
     onHdl="0"
     affectsHdl="1" />
  <parameter
     name="AUTO_DEVICE_FAMILY"
     type="String"
     defaultValue="Cyclone IV E"
     onHdl="0"
     affectsHdl="1" />
  <parameter
     name="AUTO_DEVICE"
     type="String"
     defaultValue="EP4CE6E22A7"
     onHdl="0"
     affectsHdl="1" />
  <parameter
     name="AUTO_DEVICE_SPEEDGRADE"
     type="String"
     defaultValue="7"
     onHdl="0"
     affectsHdl="1" />
  <interface name="jtag" kind="conduit" start="0">
   <property name="associatedClock" value="tck" />
   <property name="associatedReset" value="" />
   <port name="tdi" direction="output" role="tdi" width="1" />
   <port name="tdo" direction="input" role="tdo" width="1" />
   <port name="ir_in" direction="output" role="ir_in" width="3" />
   <port name="ir_out" direction="input" role="ir_out" width="3" />
   <port
       name="virtual_state_cdr"
       direction="output"
       role="virtual_state_cdr"
       width="1" />
   <port
       name="virtual_state_sdr"
       direction="output"
       role="virtual_state_sdr"
       width="1" />
   <port
       name="virtual_state_e1dr"
       direction="output"
       role="virtual_state_e1dr"
       width="1" />
   <port
       name="virtual_state_pdr"
       direction="output"
       role="virtual_state_pdr"
       width="1" />
   <port
       name="virtual_state_e2dr"
       direction="output"
       role="virtual_state_e2dr"
       width="1" />
   <port
       name="virtual_state_udr"
       direction="output"
       role="virtual_state_udr"
       width="1" />
   <port
       name="virtual_state_cir"
       direction="output"
       role="virtual_state_cir"
       width="1" />
   <port
       name="virtual_state_uir"
       direction="output"
       role="virtual_state_uir"
       width="1" />
  </interface>
  <interface name="tck" kind="clock" start="1">
   <property name="associatedDirectClock" value="" />
   <property name="clockRate" value="0" />
   <property name="clockRateKnown" value="false" />
   <property name="externallyDriven" value="false" />
   <property name="ptfSchematicName" value="" />
   <port name="tck" direction="output" role="clk" width="1" />
  </interface>
 </perimeter>
 <entity
   path=""
   parameterizationKey="VJI:1.0:AUTO_DEVICE=EP4CE6E22A7,AUTO_DEVICE_FAMILY=Cyclone IV E,AUTO_DEVICE_SPEEDGRADE=7,AUTO_GENERATION_ID=1672514820,AUTO_UNIQUE_ID=(altera_virtual_jtag:18.1:CREATE_PRIMITIVE_JTAG_STATE_SIGNAL_PORTS=false,device_family=Cyclone IV E,gui_use_auto_index=false,sld_auto_instance_index=NO,sld_instance_index=0,sld_ir_width=3)"
   instancePathKey="VJI"
   kind="VJI"
   version="1.0"
   name="VJI">
  <parameter name="AUTO_GENERATION_ID" value="1672514820" />
  <parameter name="AUTO_DEVICE" value="EP4CE6E22A7" />
  <parameter name="AUTO_DEVICE_FAMILY" value="Cyclone IV E" />
  <parameter name="AUTO_UNIQUE_ID" value="" />
  <parameter name="AUTO_DEVICE_SPEEDGRADE" value="7" />
  <generatedFiles>
   <file
       path="F:/FPGA PROJECTS/sources/cores/VJI/VJI/synthesis/VJI.v"
       type="VERILOG" />
  </generatedFiles>
  <childGeneratedFiles/>
  <sourceFiles>
   <file path="F:/FPGA PROJECTS/sources/cores/VJI/VJI.qsys" />
  </sourceFiles>
  <childSourceFiles>
   <file
       path="D:/quartus/quartus_prime_standard_18.1.0.625/ip/altera/sld/jtag/altera_virtual_jtag/altera_virtual_jtag_hw.tcl" />
  </childSourceFiles>
  <messages>
   <message level="Debug" culprit="VJI">queue size: 0 starting:VJI "VJI"</message>
   <message level="Progress" culprit="min"></message>
   <message level="Progress" culprit="max"></message>
   <message level="Progress" culprit="current"></message>
   <message level="Debug">Transform: CustomInstructionTransform</message>
   <message level="Debug">No custom instruction connections, skipping transform </message>
   <message level="Debug" culprit="merlin_custom_instruction_transform"><![CDATA[After transform: <b>1</b> modules, <b>0</b> connections]]></message>
   <message level="Debug">Transform: MMTransform</message>
   <message level="Debug">Transform: InterruptMapperTransform</message>
   <message level="Debug">Transform: InterruptSyncTransform</message>
   <message level="Debug">Transform: InterruptFanoutTransform</message>
   <message level="Debug">Transform: AvalonStreamingTransform</message>
   <message level="Debug">Transform: ResetAdaptation</message>
   <message level="Debug" culprit="VJI"><![CDATA["<b>VJI</b>" reuses <b>altera_virtual_jtag</b> "<b>submodules/sld_virtual_jtag</b>"]]></message>
   <message level="Debug" culprit="VJI">queue size: 0 starting:altera_virtual_jtag "submodules/sld_virtual_jtag"</message>
   <message level="Info" culprit="virtual_jtag_0"><![CDATA["<b>VJI</b>" instantiated <b>altera_virtual_jtag</b> "<b>virtual_jtag_0</b>"]]></message>
  </messages>
 </entity>
 <entity
   path="submodules/"
   parameterizationKey="altera_virtual_jtag:18.1:CREATE_PRIMITIVE_JTAG_STATE_SIGNAL_PORTS=false,device_family=Cyclone IV E,gui_use_auto_index=false,sld_auto_instance_index=NO,sld_instance_index=0,sld_ir_width=3"
   instancePathKey="VJI:.:virtual_jtag_0"
   kind="altera_virtual_jtag"
   version="18.1"
   name="sld_virtual_jtag">
  <parameter name="sld_auto_instance_index" value="NO" />
  <parameter name="sld_instance_index" value="0" />
  <parameter name="CREATE_PRIMITIVE_JTAG_STATE_SIGNAL_PORTS" value="false" />
  <parameter name="device_family" value="Cyclone IV E" />
  <parameter name="gui_use_auto_index" value="false" />
  <parameter name="sld_ir_width" value="3" />
  <generatedFiles/>
  <childGeneratedFiles/>
  <sourceFiles>
   <file
       path="D:/quartus/quartus_prime_standard_18.1.0.625/ip/altera/sld/jtag/altera_virtual_jtag/altera_virtual_jtag_hw.tcl" />
  </sourceFiles>
  <childSourceFiles/>
  <instantiator instantiator="VJI" as="virtual_jtag_0" />
  <messages>
   <message level="Debug" culprit="VJI">queue size: 0 starting:altera_virtual_jtag "submodules/sld_virtual_jtag"</message>
   <message level="Info" culprit="virtual_jtag_0"><![CDATA["<b>VJI</b>" instantiated <b>altera_virtual_jtag</b> "<b>virtual_jtag_0</b>"]]></message>
  </messages>
 </entity>
</deploy>
